{"cameraMode":{"drawMode":0,"name":"Shaded","section":"Shading Mode"},"sceneLighting":true,"audioPlay":false,"sceneViewState":{"showFog":true,"showMaterialUpdate":false,"showSkybox":true,"showFlares":true,"showImageEffects":true,"showParticleSystems":true},"in2DMode":false,"pivot":{"x":-0.15051764249801637,"y":-2.0482969284057619,"z":7.90769100189209},"rotation":{"x":-0.2467270791530609,"y":0.00784695241600275,"z":-0.0019978173077106477,"w":-0.969051718711853},"size":13.498723983764649,"orthographic":false}