{"cameraMode":{"drawMode":0,"name":"Shaded","section":"Shading Mode"},"sceneLighting":true,"audioPlay":false,"sceneViewState":{"showFog":true,"showMaterialUpdate":false,"showSkybox":true,"showFlares":true,"showImageEffects":true,"showParticleSystems":true},"in2DMode":false,"pivot":{"x":-86.10690307617188,"y":-86.96881103515625,"z":102.37042236328125},"rotation":{"x":0.2627744972705841,"y":-0.2652016282081604,"z":0.07546042650938034,"w":0.9247099161148071},"size":105.62287902832031,"orthographic":false}