{"cameraMode":{"drawMode":0,"name":"Shaded","section":"Shading Mode"},"sceneLighting":true,"audioPlay":false,"sceneViewState":{"showFog":true,"showMaterialUpdate":false,"showSkybox":true,"showFlares":true,"showImageEffects":true,"showParticleSystems":true},"in2DMode":false,"pivot":{"x":-140.60853576660157,"y":2.183403968811035,"z":151.98519897460938},"rotation":{"x":-0.0076710740104317669,"y":0.403119832277298,"z":-0.0034181091468781234,"w":-0.9151806235313416},"size":104.26416015625,"orthographic":false}