{"cameraMode":{"drawMode":0,"name":"Shaded","section":"Shading Mode"},"sceneLighting":true,"audioPlay":false,"sceneViewState":{"showFog":true,"showMaterialUpdate":false,"showSkybox":true,"showFlares":true,"showImageEffects":true,"showParticleSystems":true},"in2DMode":false,"pivot":{"x":-46.50004577636719,"y":-28.08062744140625,"z":41.75775909423828},"rotation":{"x":-0.2521117925643921,"y":0.4031107425689697,"z":-0.11652515083551407,"w":-0.8721523284912109},"size":53.6838264465332,"orthographic":false}