{"cameraMode":{"drawMode":0,"name":"Shaded","section":"Shading Mode"},"sceneLighting":true,"audioPlay":false,"sceneViewState":{"showFog":true,"showMaterialUpdate":false,"showSkybox":true,"showFlares":true,"showImageEffects":true,"showParticleSystems":true},"in2DMode":false,"pivot":{"x":-168.1876220703125,"y":-15.329715728759766,"z":515.3795166015625},"rotation":{"x":0.18518489599227906,"y":-0.3592498302459717,"z":0.07305838912725449,"w":0.9118515253067017},"size":132.22557067871095,"orthographic":false}