{"cameraMode":{"drawMode":0,"name":"Shaded","section":"Shading Mode"},"sceneLighting":true,"audioPlay":false,"sceneViewState":{"showFog":true,"showMaterialUpdate":false,"showSkybox":true,"showFlares":true,"showImageEffects":true,"showParticleSystems":true},"in2DMode":false,"pivot":{"x":-55.16909408569336,"y":-2.1218109130859377,"z":10.476767539978028},"rotation":{"x":0.11888595670461655,"y":-0.535808265209198,"z":0.07662530243396759,"w":0.832563042640686},"size":14.456306457519532,"orthographic":false}